<?xml version="1.0" encoding="UTF-8"?>
<project-private xmlns="http://www.netbeans.org/ns/project-private/1">
    <editor-bookmarks xmlns="http://www.netbeans.org/ns/editor-bookmarks/2" lastBookmarkId="0"/>
    <open-files xmlns="http://www.netbeans.org/ns/projectui-open-files/2">
        <group>
            <file>file:/C:/Users/mariocosta/Desktop/optativo%20oracle/ORACLE-0b70defb35ab130093ecabc6c4f9794e2957464d/DREAMHOME-ACTUALIZADO%202/DREAMHOME/DREAMHOME/src/dreamhome/MantenedorPropiedad.java</file>
            <file>file:/C:/Users/mariocosta/Desktop/optativo%20oracle/ORACLE-0b70defb35ab130093ecabc6c4f9794e2957464d/DREAMHOME-ACTUALIZADO%202/DREAMHOME/DREAMHOME/src/dreamhome/DREAMHOME.java</file>
            <file>file:/C:/Users/mariocosta/Desktop/optativo%20oracle/ORACLE-0b70defb35ab130093ecabc6c4f9794e2957464d/DREAMHOME-ACTUALIZADO%202/DREAMHOME/DREAMHOME/src/java_oracle/JavaConOracle.java</file>
        </group>
    </open-files>
</project-private>
